{
  "feature_columns": [
    "day_of_month",
    "days_in_month",
    "progress",
    "spend_mtd",
    "income_mtd",
    "avg_daily_spend_mtd",
    "avg_daily_spend_last_3m",
    "delta_spend_rate",
    "net_mtd",
    "cash_flow_ratio",
    "pct_food",
    "pct_transport",
    "pct_shopping",
    "pct_health",
    "pct_rent",
    "pct_entertainment",
    "pct_other",
    "prev_month_overspend",
    "prev2_month_overspend"
  ],
  "model_type": "GradientBoostingClassifier",
  "pipeline_steps": [
    "SimpleImputer",
    "StandardScaler",
    "GradientBoostingClassifier"
  ],
  "training_rows": 107872,
  "test_rows": 26968,
  "shortfall_rate": 0.3294744798504197,
  "roc_auc": 0.9963,
  "f1_weighted": 0.9753,
  "real_rows": 84,
  "kaggle_rows": 636102,
  "synthetic_rows": 26121,
  "feature_importance": {
    "avg_daily_spend_last_3m": 0.2701360908690394,
    "delta_spend_rate": 0.1782554065496383,
    "avg_daily_spend_mtd": 0.14270881411931072,
    "spend_mtd": 0.11884483260546864,
    "pct_food": 0.08252724714098586,
    "pct_shopping": 0.04545163577026595,
    "income_mtd": 0.03276287956390745,
    "pct_other": 0.02720329182288993,
    "days_in_month": 0.026851009285228652,
    "net_mtd": 0.026470671314071877,
    "progress": 0.01667938904711837,
    "prev_month_overspend": 0.01301944712818519,
    "pct_rent": 0.006771462346162332,
    "prev2_month_overspend": 0.006430959631861912,
    "pct_entertainment": 0.0027977180063510666,
    "pct_transport": 0.0022022016557023696,
    "pct_health": 0.0005241140694486633,
    "cash_flow_ratio": 0.0003628290743635126,
    "day_of_month": 0.0
  }
}