{
  "feature_columns": [
    "day_of_month",
    "days_in_month",
    "progress",
    "spend_mtd",
    "income_mtd",
    "avg_daily_spend_mtd",
    "avg_daily_spend_last_3m",
    "delta_spend_rate",
    "net_mtd",
    "cash_flow_ratio",
    "pct_food",
    "pct_transport",
    "pct_shopping",
    "pct_health",
    "pct_rent",
    "pct_entertainment",
    "pct_other",
    "prev_month_overspend",
    "prev2_month_overspend"
  ],
  "model_type": "GradientBoostingClassifier",
  "pipeline_steps": [
    "SimpleImputer",
    "StandardScaler",
    "GradientBoostingClassifier"
  ],
  "training_rows": 110926,
  "test_rows": 27732,
  "shortfall_rate": 0.39159470654310585,
  "roc_auc": 0.9966,
  "f1_weighted": 0.9791,
  "real_rows": 84,
  "kaggle_rows": 649381,
  "synthetic_rows": 26121,
  "feature_importance": {
    "avg_daily_spend_last_3m": 0.24001114156367467,
    "avg_daily_spend_mtd": 0.20007733157130136,
    "spend_mtd": 0.14219491347694485,
    "net_mtd": 0.10934047895307714,
    "delta_spend_rate": 0.10853025268493247,
    "pct_food": 0.059294149708966785,
    "pct_other": 0.044621005026616735,
    "income_mtd": 0.03895363235089361,
    "prev_month_overspend": 0.014944256536244883,
    "pct_shopping": 0.013868638241825453,
    "days_in_month": 0.008374300925826333,
    "progress": 0.007038533759685985,
    "prev2_month_overspend": 0.004790795237570809,
    "pct_transport": 0.0029582815559120296,
    "pct_rent": 0.002771591532852956,
    "pct_entertainment": 0.0009349017078028565,
    "pct_health": 0.0009339550407802182,
    "cash_flow_ratio": 0.0003618401250906992,
    "day_of_month": 0.0
  }
}