{
  "feature_columns": [
    "day_of_month",
    "days_in_month",
    "progress",
    "spend_mtd",
    "income_mtd",
    "avg_daily_spend_mtd",
    "avg_daily_spend_last_3m",
    "delta_spend_rate",
    "net_mtd",
    "cash_flow_ratio",
    "pct_food",
    "pct_transport",
    "pct_shopping",
    "pct_health",
    "pct_rent",
    "pct_entertainment",
    "pct_other",
    "prev_month_overspend",
    "prev2_month_overspend"
  ],
  "model_type": "GradientBoostingClassifier",
  "pipeline_steps": [
    "SimpleImputer",
    "StandardScaler",
    "GradientBoostingClassifier"
  ],
  "training_rows": 106977,
  "test_rows": 26745,
  "shortfall_rate": 0.32511355607146464,
  "roc_auc": 0.9955,
  "f1_weighted": 0.972,
  "real_rows": 84,
  "kaggle_rows": 617395,
  "synthetic_rows": 26121,
  "feature_importance": {
    "avg_daily_spend_last_3m": 0.30092634591601364,
    "delta_spend_rate": 0.1710432888523441,
    "spend_mtd": 0.14087857874534504,
    "avg_daily_spend_mtd": 0.11058093160352407,
    "income_mtd": 0.07029850066359505,
    "net_mtd": 0.05574191634353809,
    "pct_shopping": 0.03846079656309216,
    "pct_other": 0.034951374590521146,
    "pct_food": 0.020010445060940917,
    "prev_month_overspend": 0.018553828893929952,
    "days_in_month": 0.014427376731324817,
    "progress": 0.011567425222719521,
    "prev2_month_overspend": 0.00456841635225627,
    "pct_transport": 0.002977630958923402,
    "pct_rent": 0.002201132244326095,
    "pct_entertainment": 0.0016088143944910792,
    "pct_health": 0.0007901448557897808,
    "cash_flow_ratio": 0.00041305200732480327,
    "day_of_month": 0.0
  }
}